﻿<?xml version="1.0" encoding="UTF-8"?>
<!DOCTYPE xmeml>
<xmeml version="4">
	<sequence id="sequence-4" TL.SQAudioVisibleBase="0" TL.SQVideoVisibleBase="0" TL.SQVisibleBaseTime="0" TL.SQAVDividerPosition="0.5" TL.SQHideShyTracks="0" TL.SQHeaderWidth="236" Monitor.ProgramZoomOut="1814802071040000" Monitor.ProgramZoomIn="0" TL.SQTimePerPixel="7.4109473684210521" MZ.EditLine="175067827200000" MZ.Sequence.PreviewFrameSizeHeight="1080" MZ.Sequence.PreviewFrameSizeWidth="1920" MZ.Sequence.AudioTimeDisplayFormat="200" MZ.Sequence.PreviewRenderingClassID="1061109567" MZ.Sequence.PreviewRenderingPresetCodec="1297107278" MZ.Sequence.PreviewRenderingPresetPath="EncoderPresets/SequencePreview/795454d9-d3c2-429d-9474-923ab13b7018/I-Frame Only MPEG.epr" MZ.Sequence.PreviewUseMaxRenderQuality="false" MZ.Sequence.PreviewUseMaxBitDepth="false" MZ.Sequence.EditingModeGUID="795454d9-d3c2-429d-9474-923ab13b7018" MZ.Sequence.VideoTimeDisplayFormat="101" MZ.WorkOutPoint="15240960000000" MZ.WorkInPoint="0" explodedTracks="true">
		<uuid>ab3f8bf5-81ff-441b-ba4f-30ece09ccc41</uuid>
		<duration>178611</duration>
		<rate>
			<timebase>25</timebase>
			<ntsc>FALSE</ntsc>
		</rate>
		<name>wqedqw</name>
		<media>
			<video>
				<format>
					<samplecharacteristics>
						<rate>
							<timebase>25</timebase>
							<ntsc>FALSE</ntsc>
						</rate>
						<codec>
							<name>Apple ProRes 422</name>
							<appspecificdata>
								<appname>Final Cut Pro</appname>
								<appmanufacturer>Apple Inc.</appmanufacturer>
								<appversion>7.0</appversion>
								<data>
									<qtcodec>
										<codecname>Apple ProRes 422</codecname>
										<codectypename>Apple ProRes 422</codectypename>
										<codectypecode>apcn</codectypecode>
										<codecvendorcode>appl</codecvendorcode>
										<spatialquality>1024</spatialquality>
										<temporalquality>0</temporalquality>
										<keyframerate>0</keyframerate>
										<datarate>0</datarate>
									</qtcodec>
								</data>
							</appspecificdata>
						</codec>
						<width>1920</width>
						<height>1080</height>
						<anamorphic>FALSE</anamorphic>
						<pixelaspectratio>square</pixelaspectratio>
						<fielddominance>none</fielddominance>
						<colordepth>24</colordepth>
					</samplecharacteristics>
				</format>
				<track TL.SQTrackShy="0" TL.SQTrackExpandedHeight="25" TL.SQTrackExpanded="0" MZ.TrackTargeted="1">
					<clipitem id="clipitem-85">
						<masterclipid>masterclip-29</masterclipid>
						<name>Taylor_Swift_Reveals_What_Fiance_Travis_Kelce_Said_Before_Proposal_E_News.mp4</name>
						<enabled>TRUE</enabled>
						<duration>3547</duration>
						<rate>
							<timebase>25</timebase>
							<ntsc>FALSE</ntsc>
						</rate>
						<start>0</start>
						<end>3547</end>
						<in>0</in>
						<out>3547</out>
						<pproTicksIn>0</pproTicksIn>
						<pproTicksOut>36039790080000</pproTicksOut>
						<alphatype>none</alphatype>
						<pixelaspectratio>square</pixelaspectratio>
						<anamorphic>FALSE</anamorphic>
						<file id="file-29">
							<name>Taylor_Swift_Reveals_What_Fiance_Travis_Kelce_Said_Before_Proposal_E_News.mp4</name>
							<pathurl>file://localhost/Users/themalikano/Documents/VideoAutomation/premiere_videos/Taylor_Swift_Reveals_What_Fiance_Travis_Kelce_Said_Before_Proposal_E_News.mp4</pathurl>
							<rate>
								<timebase>29</timebase>
								<ntsc>FALSE</ntsc>
							</rate>
							<duration>4115</duration>
							<timecode>
								<rate>
									<timebase>29</timebase>
									<ntsc>FALSE</ntsc>
								</rate>
								<string>00:00:00:00</string>
								<frame>0</frame>
								<displayformat>NDF</displayformat>
							</timecode>
							<media>
								<video>
									<samplecharacteristics>
										<rate>
											<timebase>29</timebase>
											<ntsc>FALSE</ntsc>
										</rate>
										<width>1920</width>
										<height>1080</height>
										<anamorphic>FALSE</anamorphic>
										<pixelaspectratio>square</pixelaspectratio>
										<fielddominance>none</fielddominance>
									</samplecharacteristics>
								</video>
								<audio>
									<samplecharacteristics>
										<depth>16</depth>
										<samplerate>44100</samplerate>
									</samplecharacteristics>
									<channelcount>2</channelcount>
								</audio>
							</media>
						</file>
						<link>
							<linkclipref>clipitem-85</linkclipref>
							<mediatype>video</mediatype>
							<trackindex>1</trackindex>
							<clipindex>1</clipindex>
						</link>
						<link>
							<linkclipref>clipitem-93</linkclipref>
							<mediatype>audio</mediatype>
							<trackindex>1</trackindex>
							<clipindex>1</clipindex>
							<groupindex>1</groupindex>
						</link>
						<link>
							<linkclipref>clipitem-101</linkclipref>
							<mediatype>audio</mediatype>
							<trackindex>2</trackindex>
							<clipindex>1</clipindex>
							<groupindex>1</groupindex>
						</link>
						<logginginfo>
							<description></description>
							<scene></scene>
							<shottake></shottake>
							<lognote></lognote>
							<good></good>
							<originalvideofilename></originalvideofilename>
							<originalaudiofilename></originalaudiofilename>
						</logginginfo>
						<colorinfo>
							<lut></lut>
							<lut1></lut1>
							<asc_sop></asc_sop>
							<asc_sat></asc_sat>
							<lut2></lut2>
						</colorinfo>
					</clipitem>
					<clipitem id="clipitem-86">
						<masterclipid>masterclip-30</masterclipid>
						<name>Taylor_Swift_Shares_The_Story_Of_Calling_Travis_Kelce_For_The_First_Time.mp4</name>
						<enabled>TRUE</enabled>
						<duration>23270</duration>
						<rate>
							<timebase>25</timebase>
							<ntsc>FALSE</ntsc>
						</rate>
						<start>3547</start>
						<end>26817</end>
						<in>0</in>
						<out>23270</out>
						<pproTicksIn>0</pproTicksIn>
						<pproTicksOut>236438092800000</pproTicksOut>
						<alphatype>none</alphatype>
						<pixelaspectratio>square</pixelaspectratio>
						<anamorphic>FALSE</anamorphic>
						<file id="file-30">
							<name>Taylor_Swift_Shares_The_Story_Of_Calling_Travis_Kelce_For_The_First_Time.mp4</name>
							<pathurl>file://localhost/Users/themalikano/Documents/VideoAutomation/premiere_videos/Taylor_Swift_Shares_The_Story_Of_Calling_Travis_Kelce_For_The_First_Time.mp4</pathurl>
							<rate>
								<timebase>30</timebase>
								<ntsc>TRUE</ntsc>
							</rate>
							<duration>27897</duration>
							<timecode>
								<rate>
									<timebase>30</timebase>
									<ntsc>TRUE</ntsc>
								</rate>
								<string>00:00:00:00</string>
								<frame>0</frame>
								<displayformat>NDF</displayformat>
							</timecode>
							<media>
								<video>
									<samplecharacteristics>
										<rate>
											<timebase>30</timebase>
											<ntsc>TRUE</ntsc>
										</rate>
										<width>1920</width>
										<height>1080</height>
										<anamorphic>FALSE</anamorphic>
										<pixelaspectratio>square</pixelaspectratio>
										<fielddominance>none</fielddominance>
									</samplecharacteristics>
								</video>
								<audio>
									<samplecharacteristics>
										<depth>16</depth>
										<samplerate>44100</samplerate>
									</samplecharacteristics>
									<channelcount>2</channelcount>
								</audio>
							</media>
						</file>
						<link>
							<linkclipref>clipitem-86</linkclipref>
							<mediatype>video</mediatype>
							<trackindex>1</trackindex>
							<clipindex>2</clipindex>
						</link>
						<link>
							<linkclipref>clipitem-94</linkclipref>
							<mediatype>audio</mediatype>
							<trackindex>1</trackindex>
							<clipindex>2</clipindex>
							<groupindex>1</groupindex>
						</link>
						<link>
							<linkclipref>clipitem-102</linkclipref>
							<mediatype>audio</mediatype>
							<trackindex>2</trackindex>
							<clipindex>2</clipindex>
							<groupindex>1</groupindex>
						</link>
						<logginginfo>
							<description></description>
							<scene></scene>
							<shottake></shottake>
							<lognote></lognote>
							<good></good>
							<originalvideofilename></originalvideofilename>
							<originalaudiofilename></originalaudiofilename>
						</logginginfo>
						<colorinfo>
							<lut></lut>
							<lut1></lut1>
							<asc_sop></asc_sop>
							<asc_sat></asc_sat>
							<lut2></lut2>
						</colorinfo>
					</clipitem>
					<clipitem id="clipitem-87">
						<masterclipid>masterclip-31</masterclipid>
						<name>Taylor_Swift_Travis_Kelce_-_The_New_Power_Couple.mp4</name>
						<enabled>TRUE</enabled>
						<duration>86118</duration>
						<rate>
							<timebase>25</timebase>
							<ntsc>FALSE</ntsc>
						</rate>
						<start>26817</start>
						<end>112935</end>
						<in>0</in>
						<out>86118</out>
						<pproTicksIn>0</pproTicksIn>
						<pproTicksOut>875013995520000</pproTicksOut>
						<alphatype>none</alphatype>
						<pixelaspectratio>square</pixelaspectratio>
						<anamorphic>FALSE</anamorphic>
						<file id="file-31">
							<name>Taylor_Swift_Travis_Kelce_-_The_New_Power_Couple.mp4</name>
							<pathurl>file://localhost/Users/themalikano/Documents/VideoAutomation/premiere_videos/Taylor_Swift_Travis_Kelce_-_The_New_Power_Couple.mp4</pathurl>
							<rate>
								<timebase>25</timebase>
								<ntsc>FALSE</ntsc>
							</rate>
							<duration>86118</duration>
							<timecode>
								<rate>
									<timebase>25</timebase>
									<ntsc>FALSE</ntsc>
								</rate>
								<string>00:00:00:00</string>
								<frame>0</frame>
								<displayformat>NDF</displayformat>
							</timecode>
							<media>
								<video>
									<samplecharacteristics>
										<rate>
											<timebase>25</timebase>
											<ntsc>FALSE</ntsc>
										</rate>
										<width>1920</width>
										<height>1080</height>
										<anamorphic>FALSE</anamorphic>
										<pixelaspectratio>square</pixelaspectratio>
										<fielddominance>none</fielddominance>
									</samplecharacteristics>
								</video>
								<audio>
									<samplecharacteristics>
										<depth>16</depth>
										<samplerate>44100</samplerate>
									</samplecharacteristics>
									<channelcount>2</channelcount>
								</audio>
							</media>
						</file>
						<link>
							<linkclipref>clipitem-87</linkclipref>
							<mediatype>video</mediatype>
							<trackindex>1</trackindex>
							<clipindex>3</clipindex>
						</link>
						<link>
							<linkclipref>clipitem-95</linkclipref>
							<mediatype>audio</mediatype>
							<trackindex>1</trackindex>
							<clipindex>3</clipindex>
							<groupindex>1</groupindex>
						</link>
						<link>
							<linkclipref>clipitem-103</linkclipref>
							<mediatype>audio</mediatype>
							<trackindex>2</trackindex>
							<clipindex>3</clipindex>
							<groupindex>1</groupindex>
						</link>
						<logginginfo>
							<description></description>
							<scene></scene>
							<shottake></shottake>
							<lognote></lognote>
							<good></good>
							<originalvideofilename></originalvideofilename>
							<originalaudiofilename></originalaudiofilename>
						</logginginfo>
						<colorinfo>
							<lut></lut>
							<lut1></lut1>
							<asc_sop></asc_sop>
							<asc_sat></asc_sat>
							<lut2></lut2>
						</colorinfo>
					</clipitem>
					<clipitem id="clipitem-88">
						<masterclipid>masterclip-32</masterclipid>
						<name>Travis_Kelce_ANNOUNCE_WEDDING_DATE_with_Taylor_Swift_Why_He_was_Delaying_all_Along.mp4</name>
						<enabled>TRUE</enabled>
						<duration>41278</duration>
						<rate>
							<timebase>25</timebase>
							<ntsc>FALSE</ntsc>
						</rate>
						<start>112935</start>
						<end>154213</end>
						<in>0</in>
						<out>41278</out>
						<pproTicksIn>0</pproTicksIn>
						<pproTicksOut>419410897920000</pproTicksOut>
						<alphatype>none</alphatype>
						<pixelaspectratio>square</pixelaspectratio>
						<anamorphic>FALSE</anamorphic>
						<file id="file-32">
							<name>Travis_Kelce_ANNOUNCE_WEDDING_DATE_with_Taylor_Swift_Why_He_was_Delaying_all_Along.mp4</name>
							<pathurl>file://localhost/Users/themalikano/Documents/VideoAutomation/premiere_videos/Travis_Kelce_ANNOUNCE_WEDDING_DATE_with_Taylor_Swift_Why_He_was_Delaying_all_Along.mp4</pathurl>
							<rate>
								<timebase>24</timebase>
								<ntsc>FALSE</ntsc>
							</rate>
							<duration>39627</duration>
							<timecode>
								<rate>
									<timebase>24</timebase>
									<ntsc>FALSE</ntsc>
								</rate>
								<string>00:00:00:00</string>
								<frame>0</frame>
								<displayformat>NDF</displayformat>
							</timecode>
							<media>
								<video>
									<samplecharacteristics>
										<rate>
											<timebase>24</timebase>
											<ntsc>FALSE</ntsc>
										</rate>
										<width>852</width>
										<height>480</height>
										<anamorphic>FALSE</anamorphic>
										<pixelaspectratio>square</pixelaspectratio>
										<fielddominance>none</fielddominance>
									</samplecharacteristics>
								</video>
								<audio>
									<samplecharacteristics>
										<depth>16</depth>
										<samplerate>44100</samplerate>
									</samplecharacteristics>
									<channelcount>2</channelcount>
								</audio>
							</media>
						</file>
						<filter>
							<effect>
								<name>Basic Motion</name>
								<effectid>basic</effectid>
								<effectcategory>motion</effectcategory>
								<effecttype>motion</effecttype>
								<mediatype>video</mediatype>
								<pproBypass>false</pproBypass>
								<parameter authoringApp="PremierePro">
									<parameterid>scale</parameterid>
									<name>Scale</name>
									<valuemin>0</valuemin>
									<valuemax>1000</valuemax>
									<value>225</value>
								</parameter>
								<parameter authoringApp="PremierePro">
									<parameterid>rotation</parameterid>
									<name>Rotation</name>
									<valuemin>-8640</valuemin>
									<valuemax>8640</valuemax>
									<value>0</value>
								</parameter>
								<parameter authoringApp="PremierePro">
									<parameterid>center</parameterid>
									<name>Center</name>
									<value>
										<horiz>0</horiz>
										<vert>0</vert>
									</value>
								</parameter>
								<parameter authoringApp="PremierePro">
									<parameterid>centerOffset</parameterid>
									<name>Anchor Point</name>
									<value>
										<horiz>0</horiz>
										<vert>0</vert>
									</value>
								</parameter>
								<parameter authoringApp="PremierePro">
									<parameterid>antiflicker</parameterid>
									<name>Anti-flicker Filter</name>
									<valuemin>0.0</valuemin>
									<valuemax>1.0</valuemax>
									<value>0</value>
								</parameter>
							</effect>
						</filter>
						<link>
							<linkclipref>clipitem-88</linkclipref>
							<mediatype>video</mediatype>
							<trackindex>1</trackindex>
							<clipindex>4</clipindex>
						</link>
						<link>
							<linkclipref>clipitem-96</linkclipref>
							<mediatype>audio</mediatype>
							<trackindex>1</trackindex>
							<clipindex>4</clipindex>
							<groupindex>1</groupindex>
						</link>
						<link>
							<linkclipref>clipitem-104</linkclipref>
							<mediatype>audio</mediatype>
							<trackindex>2</trackindex>
							<clipindex>4</clipindex>
							<groupindex>1</groupindex>
						</link>
						<logginginfo>
							<description></description>
							<scene></scene>
							<shottake></shottake>
							<lognote></lognote>
							<good></good>
							<originalvideofilename></originalvideofilename>
							<originalaudiofilename></originalaudiofilename>
						</logginginfo>
						<colorinfo>
							<lut></lut>
							<lut1></lut1>
							<asc_sop></asc_sop>
							<asc_sat></asc_sat>
							<lut2></lut2>
						</colorinfo>
					</clipitem>
					<clipitem id="clipitem-89">
						<masterclipid>masterclip-33</masterclipid>
						<name>Travis_Kelce_s_appearance_on_The_Eras_Tour_during_I_Can_Do_It_With_A_Broken_Heart_in_London.mp4</name>
						<enabled>TRUE</enabled>
						<duration>2709</duration>
						<rate>
							<timebase>25</timebase>
							<ntsc>FALSE</ntsc>
						</rate>
						<start>154213</start>
						<end>156922</end>
						<in>0</in>
						<out>2709</out>
						<pproTicksIn>0</pproTicksIn>
						<pproTicksOut>27525173760000</pproTicksOut>
						<alphatype>none</alphatype>
						<pixelaspectratio>square</pixelaspectratio>
						<anamorphic>FALSE</anamorphic>
						<file id="file-33">
							<name>Travis_Kelce_s_appearance_on_The_Eras_Tour_during_I_Can_Do_It_With_A_Broken_Heart_in_London.mp4</name>
							<pathurl>file://localhost/Users/themalikano/Documents/VideoAutomation/premiere_videos/Travis_Kelce_s_appearance_on_The_Eras_Tour_during_I_Can_Do_It_With_A_Broken_Heart_in_London.mp4</pathurl>
							<rate>
								<timebase>24</timebase>
								<ntsc>TRUE</ntsc>
							</rate>
							<duration>2599</duration>
							<timecode>
								<rate>
									<timebase>24</timebase>
									<ntsc>TRUE</ntsc>
								</rate>
								<string>00:00:00:00</string>
								<frame>0</frame>
								<displayformat>NDF</displayformat>
							</timecode>
							<media>
								<video>
									<samplecharacteristics>
										<rate>
											<timebase>24</timebase>
											<ntsc>TRUE</ntsc>
										</rate>
										<width>1920</width>
										<height>1080</height>
										<anamorphic>FALSE</anamorphic>
										<pixelaspectratio>square</pixelaspectratio>
										<fielddominance>none</fielddominance>
									</samplecharacteristics>
								</video>
								<audio>
									<samplecharacteristics>
										<depth>16</depth>
										<samplerate>44100</samplerate>
									</samplecharacteristics>
									<channelcount>2</channelcount>
								</audio>
							</media>
						</file>
						<link>
							<linkclipref>clipitem-89</linkclipref>
							<mediatype>video</mediatype>
							<trackindex>1</trackindex>
							<clipindex>5</clipindex>
						</link>
						<link>
							<linkclipref>clipitem-97</linkclipref>
							<mediatype>audio</mediatype>
							<trackindex>1</trackindex>
							<clipindex>5</clipindex>
							<groupindex>1</groupindex>
						</link>
						<link>
							<linkclipref>clipitem-105</linkclipref>
							<mediatype>audio</mediatype>
							<trackindex>2</trackindex>
							<clipindex>5</clipindex>
							<groupindex>1</groupindex>
						</link>
						<logginginfo>
							<description></description>
							<scene></scene>
							<shottake></shottake>
							<lognote></lognote>
							<good></good>
							<originalvideofilename></originalvideofilename>
							<originalaudiofilename></originalaudiofilename>
						</logginginfo>
						<colorinfo>
							<lut></lut>
							<lut1></lut1>
							<asc_sop></asc_sop>
							<asc_sat></asc_sat>
							<lut2></lut2>
						</colorinfo>
					</clipitem>
					<clipitem id="clipitem-90">
						<masterclipid>masterclip-34</masterclipid>
						<name>Travis_Kelce_talks_about_postponing_his_wedding_to_Fiance_Taylor_Swift_on_the_New_Heights_Podcast.mp4</name>
						<enabled>TRUE</enabled>
						<duration>14703</duration>
						<rate>
							<timebase>25</timebase>
							<ntsc>FALSE</ntsc>
						</rate>
						<start>156922</start>
						<end>171625</end>
						<in>0</in>
						<out>14703</out>
						<pproTicksIn>0</pproTicksIn>
						<pproTicksOut>149391889920000</pproTicksOut>
						<alphatype>none</alphatype>
						<pixelaspectratio>square</pixelaspectratio>
						<anamorphic>FALSE</anamorphic>
						<file id="file-34">
							<name>Travis_Kelce_talks_about_postponing_his_wedding_to_Fiance_Taylor_Swift_on_the_New_Heights_Podcast.mp4</name>
							<pathurl>file://localhost/Users/themalikano/Documents/VideoAutomation/premiere_videos/Travis_Kelce_talks_about_postponing_his_wedding_to_Fiance_Taylor_Swift_on_the_New_Heights_Podcast.mp4</pathurl>
							<rate>
								<timebase>30</timebase>
								<ntsc>FALSE</ntsc>
							</rate>
							<duration>17644</duration>
							<timecode>
								<rate>
									<timebase>30</timebase>
									<ntsc>FALSE</ntsc>
								</rate>
								<string>00:00:00:00</string>
								<frame>0</frame>
								<displayformat>NDF</displayformat>
							</timecode>
							<media>
								<video>
									<samplecharacteristics>
										<rate>
											<timebase>30</timebase>
											<ntsc>FALSE</ntsc>
										</rate>
										<width>1920</width>
										<height>1080</height>
										<anamorphic>FALSE</anamorphic>
										<pixelaspectratio>square</pixelaspectratio>
										<fielddominance>none</fielddominance>
									</samplecharacteristics>
								</video>
								<audio>
									<samplecharacteristics>
										<depth>16</depth>
										<samplerate>44100</samplerate>
									</samplecharacteristics>
									<channelcount>2</channelcount>
								</audio>
							</media>
						</file>
						<link>
							<linkclipref>clipitem-90</linkclipref>
							<mediatype>video</mediatype>
							<trackindex>1</trackindex>
							<clipindex>6</clipindex>
						</link>
						<link>
							<linkclipref>clipitem-98</linkclipref>
							<mediatype>audio</mediatype>
							<trackindex>1</trackindex>
							<clipindex>6</clipindex>
							<groupindex>1</groupindex>
						</link>
						<link>
							<linkclipref>clipitem-106</linkclipref>
							<mediatype>audio</mediatype>
							<trackindex>2</trackindex>
							<clipindex>6</clipindex>
							<groupindex>1</groupindex>
						</link>
						<logginginfo>
							<description></description>
							<scene></scene>
							<shottake></shottake>
							<lognote></lognote>
							<good></good>
							<originalvideofilename></originalvideofilename>
							<originalaudiofilename></originalaudiofilename>
						</logginginfo>
						<colorinfo>
							<lut></lut>
							<lut1></lut1>
							<asc_sop></asc_sop>
							<asc_sat></asc_sat>
							<lut2></lut2>
						</colorinfo>
					</clipitem>
					<clipitem id="clipitem-91">
						<masterclipid>masterclip-35</masterclipid>
						<name>What_Caused_Taylor_Swift-Blake_Lively_Rift_The_View.mp4</name>
						<enabled>TRUE</enabled>
						<duration>4501</duration>
						<rate>
							<timebase>25</timebase>
							<ntsc>FALSE</ntsc>
						</rate>
						<start>171625</start>
						<end>176126</end>
						<in>0</in>
						<out>4501</out>
						<pproTicksIn>0</pproTicksIn>
						<pproTicksOut>45733040640000</pproTicksOut>
						<alphatype>none</alphatype>
						<pixelaspectratio>square</pixelaspectratio>
						<anamorphic>FALSE</anamorphic>
						<file id="file-35">
							<name>What_Caused_Taylor_Swift-Blake_Lively_Rift_The_View.mp4</name>
							<pathurl>file://localhost/Users/themalikano/Documents/VideoAutomation/premiere_videos/What_Caused_Taylor_Swift-Blake_Lively_Rift_The_View.mp4</pathurl>
							<rate>
								<timebase>30</timebase>
								<ntsc>TRUE</ntsc>
							</rate>
							<duration>5397</duration>
							<timecode>
								<rate>
									<timebase>30</timebase>
									<ntsc>TRUE</ntsc>
								</rate>
								<string>00:00:00:00</string>
								<frame>0</frame>
								<displayformat>NDF</displayformat>
							</timecode>
							<media>
								<video>
									<samplecharacteristics>
										<rate>
											<timebase>30</timebase>
											<ntsc>TRUE</ntsc>
										</rate>
										<width>1280</width>
										<height>720</height>
										<anamorphic>FALSE</anamorphic>
										<pixelaspectratio>square</pixelaspectratio>
										<fielddominance>none</fielddominance>
									</samplecharacteristics>
								</video>
								<audio>
									<samplecharacteristics>
										<depth>16</depth>
										<samplerate>44100</samplerate>
									</samplecharacteristics>
									<channelcount>2</channelcount>
								</audio>
							</media>
						</file>
						<filter>
							<effect>
								<name>Basic Motion</name>
								<effectid>basic</effectid>
								<effectcategory>motion</effectcategory>
								<effecttype>motion</effecttype>
								<mediatype>video</mediatype>
								<pproBypass>false</pproBypass>
								<parameter authoringApp="PremierePro">
									<parameterid>scale</parameterid>
									<name>Scale</name>
									<valuemin>0</valuemin>
									<valuemax>1000</valuemax>
									<value>150</value>
								</parameter>
								<parameter authoringApp="PremierePro">
									<parameterid>rotation</parameterid>
									<name>Rotation</name>
									<valuemin>-8640</valuemin>
									<valuemax>8640</valuemax>
									<value>0</value>
								</parameter>
								<parameter authoringApp="PremierePro">
									<parameterid>center</parameterid>
									<name>Center</name>
									<value>
										<horiz>0</horiz>
										<vert>0</vert>
									</value>
								</parameter>
								<parameter authoringApp="PremierePro">
									<parameterid>centerOffset</parameterid>
									<name>Anchor Point</name>
									<value>
										<horiz>0</horiz>
										<vert>0</vert>
									</value>
								</parameter>
								<parameter authoringApp="PremierePro">
									<parameterid>antiflicker</parameterid>
									<name>Anti-flicker Filter</name>
									<valuemin>0.0</valuemin>
									<valuemax>1.0</valuemax>
									<value>0</value>
								</parameter>
							</effect>
						</filter>
						<link>
							<linkclipref>clipitem-91</linkclipref>
							<mediatype>video</mediatype>
							<trackindex>1</trackindex>
							<clipindex>7</clipindex>
						</link>
						<link>
							<linkclipref>clipitem-99</linkclipref>
							<mediatype>audio</mediatype>
							<trackindex>1</trackindex>
							<clipindex>7</clipindex>
							<groupindex>1</groupindex>
						</link>
						<link>
							<linkclipref>clipitem-107</linkclipref>
							<mediatype>audio</mediatype>
							<trackindex>2</trackindex>
							<clipindex>7</clipindex>
							<groupindex>1</groupindex>
						</link>
						<logginginfo>
							<description></description>
							<scene></scene>
							<shottake></shottake>
							<lognote></lognote>
							<good></good>
							<originalvideofilename></originalvideofilename>
							<originalaudiofilename></originalaudiofilename>
						</logginginfo>
						<colorinfo>
							<lut></lut>
							<lut1></lut1>
							<asc_sop></asc_sop>
							<asc_sat></asc_sat>
							<lut2></lut2>
						</colorinfo>
					</clipitem>
					<clipitem id="clipitem-92">
						<masterclipid>masterclip-36</masterclipid>
						<name>Why_Travis_Kelce_Jokes_Taylor_Swift_Is_Going_to_KILL_Him.mp4</name>
						<enabled>TRUE</enabled>
						<duration>2485</duration>
						<rate>
							<timebase>25</timebase>
							<ntsc>FALSE</ntsc>
						</rate>
						<start>176126</start>
						<end>178611</end>
						<in>0</in>
						<out>2485</out>
						<pproTicksIn>0</pproTicksIn>
						<pproTicksOut>25249190400000</pproTicksOut>
						<alphatype>none</alphatype>
						<pixelaspectratio>square</pixelaspectratio>
						<anamorphic>FALSE</anamorphic>
						<file id="file-36">
							<name>Why_Travis_Kelce_Jokes_Taylor_Swift_Is_Going_to_KILL_Him.mp4</name>
							<pathurl>file://localhost/Users/themalikano/Documents/VideoAutomation/premiere_videos/Why_Travis_Kelce_Jokes_Taylor_Swift_Is_Going_to_KILL_Him.mp4</pathurl>
							<rate>
								<timebase>30</timebase>
								<ntsc>TRUE</ntsc>
							</rate>
							<duration>2980</duration>
							<timecode>
								<rate>
									<timebase>30</timebase>
									<ntsc>TRUE</ntsc>
								</rate>
								<string>00:00:00:00</string>
								<frame>0</frame>
								<displayformat>NDF</displayformat>
							</timecode>
							<media>
								<video>
									<samplecharacteristics>
										<rate>
											<timebase>30</timebase>
											<ntsc>TRUE</ntsc>
										</rate>
										<width>1920</width>
										<height>1080</height>
										<anamorphic>FALSE</anamorphic>
										<pixelaspectratio>square</pixelaspectratio>
										<fielddominance>none</fielddominance>
									</samplecharacteristics>
								</video>
								<audio>
									<samplecharacteristics>
										<depth>16</depth>
										<samplerate>44100</samplerate>
									</samplecharacteristics>
									<channelcount>2</channelcount>
								</audio>
							</media>
						</file>
						<link>
							<linkclipref>clipitem-92</linkclipref>
							<mediatype>video</mediatype>
							<trackindex>1</trackindex>
							<clipindex>8</clipindex>
						</link>
						<link>
							<linkclipref>clipitem-100</linkclipref>
							<mediatype>audio</mediatype>
							<trackindex>1</trackindex>
							<clipindex>8</clipindex>
							<groupindex>1</groupindex>
						</link>
						<link>
							<linkclipref>clipitem-108</linkclipref>
							<mediatype>audio</mediatype>
							<trackindex>2</trackindex>
							<clipindex>8</clipindex>
							<groupindex>1</groupindex>
						</link>
						<logginginfo>
							<description></description>
							<scene></scene>
							<shottake></shottake>
							<lognote></lognote>
							<good></good>
							<originalvideofilename></originalvideofilename>
							<originalaudiofilename></originalaudiofilename>
						</logginginfo>
						<colorinfo>
							<lut></lut>
							<lut1></lut1>
							<asc_sop></asc_sop>
							<asc_sat></asc_sat>
							<lut2></lut2>
						</colorinfo>
					</clipitem>
					<enabled>TRUE</enabled>
					<locked>FALSE</locked>
				</track>
				<track TL.SQTrackShy="0" TL.SQTrackExpandedHeight="25" TL.SQTrackExpanded="0" MZ.TrackTargeted="0">
					<enabled>TRUE</enabled>
					<locked>FALSE</locked>
				</track>
				<track TL.SQTrackShy="0" TL.SQTrackExpandedHeight="25" TL.SQTrackExpanded="0" MZ.TrackTargeted="0">
					<enabled>TRUE</enabled>
					<locked>FALSE</locked>
				</track>
			</video>
			<audio>
				<numOutputChannels>2</numOutputChannels>
				<format>
					<samplecharacteristics>
						<depth>16</depth>
						<samplerate>48000</samplerate>
					</samplecharacteristics>
				</format>
				<outputs>
					<group>
						<index>1</index>
						<numchannels>1</numchannels>
						<downmix>0</downmix>
						<channel>
							<index>1</index>
						</channel>
					</group>
					<group>
						<index>2</index>
						<numchannels>1</numchannels>
						<downmix>0</downmix>
						<channel>
							<index>2</index>
						</channel>
					</group>
				</outputs>
				<track TL.SQTrackAudioKeyframeStyle="0" TL.SQTrackShy="0" TL.SQTrackExpandedHeight="25" TL.SQTrackExpanded="0" MZ.TrackTargeted="1" PannerCurrentValue="0.5" PannerIsInverted="true" PannerStartKeyframe="-91445760000000000,0.5,0,0,0,0,0,0" PannerName="Balance" currentExplodedTrackIndex="0" totalExplodedTrackCount="2" premiereTrackType="Stereo">
					<clipitem id="clipitem-93" premiereChannelType="stereo">
						<masterclipid>masterclip-29</masterclipid>
						<name>Taylor_Swift_Reveals_What_Fiance_Travis_Kelce_Said_Before_Proposal_E_News.mp4</name>
						<enabled>TRUE</enabled>
						<duration>3547</duration>
						<rate>
							<timebase>25</timebase>
							<ntsc>FALSE</ntsc>
						</rate>
						<start>0</start>
						<end>3547</end>
						<in>0</in>
						<out>3547</out>
						<pproTicksIn>0</pproTicksIn>
						<pproTicksOut>36039790080000</pproTicksOut>
						<file id="file-29"/>
						<sourcetrack>
							<mediatype>audio</mediatype>
							<trackindex>1</trackindex>
						</sourcetrack>
						<link>
							<linkclipref>clipitem-85</linkclipref>
							<mediatype>video</mediatype>
							<trackindex>1</trackindex>
							<clipindex>1</clipindex>
						</link>
						<link>
							<linkclipref>clipitem-93</linkclipref>
							<mediatype>audio</mediatype>
							<trackindex>1</trackindex>
							<clipindex>1</clipindex>
							<groupindex>1</groupindex>
						</link>
						<link>
							<linkclipref>clipitem-101</linkclipref>
							<mediatype>audio</mediatype>
							<trackindex>2</trackindex>
							<clipindex>1</clipindex>
							<groupindex>1</groupindex>
						</link>
						<logginginfo>
							<description></description>
							<scene></scene>
							<shottake></shottake>
							<lognote></lognote>
							<good></good>
							<originalvideofilename></originalvideofilename>
							<originalaudiofilename></originalaudiofilename>
						</logginginfo>
						<colorinfo>
							<lut></lut>
							<lut1></lut1>
							<asc_sop></asc_sop>
							<asc_sat></asc_sat>
							<lut2></lut2>
						</colorinfo>
					</clipitem>
					<clipitem id="clipitem-94" premiereChannelType="stereo">
						<masterclipid>masterclip-30</masterclipid>
						<name>Taylor_Swift_Shares_The_Story_Of_Calling_Travis_Kelce_For_The_First_Time.mp4</name>
						<enabled>TRUE</enabled>
						<duration>23270</duration>
						<rate>
							<timebase>25</timebase>
							<ntsc>FALSE</ntsc>
						</rate>
						<start>3547</start>
						<end>26817</end>
						<in>0</in>
						<out>23270</out>
						<pproTicksIn>0</pproTicksIn>
						<pproTicksOut>236438092800000</pproTicksOut>
						<file id="file-30"/>
						<sourcetrack>
							<mediatype>audio</mediatype>
							<trackindex>1</trackindex>
						</sourcetrack>
						<link>
							<linkclipref>clipitem-86</linkclipref>
							<mediatype>video</mediatype>
							<trackindex>1</trackindex>
							<clipindex>2</clipindex>
						</link>
						<link>
							<linkclipref>clipitem-94</linkclipref>
							<mediatype>audio</mediatype>
							<trackindex>1</trackindex>
							<clipindex>2</clipindex>
							<groupindex>1</groupindex>
						</link>
						<link>
							<linkclipref>clipitem-102</linkclipref>
							<mediatype>audio</mediatype>
							<trackindex>2</trackindex>
							<clipindex>2</clipindex>
							<groupindex>1</groupindex>
						</link>
						<logginginfo>
							<description></description>
							<scene></scene>
							<shottake></shottake>
							<lognote></lognote>
							<good></good>
							<originalvideofilename></originalvideofilename>
							<originalaudiofilename></originalaudiofilename>
						</logginginfo>
						<colorinfo>
							<lut></lut>
							<lut1></lut1>
							<asc_sop></asc_sop>
							<asc_sat></asc_sat>
							<lut2></lut2>
						</colorinfo>
					</clipitem>
					<clipitem id="clipitem-95" premiereChannelType="stereo">
						<masterclipid>masterclip-31</masterclipid>
						<name>Taylor_Swift_Travis_Kelce_-_The_New_Power_Couple.mp4</name>
						<enabled>TRUE</enabled>
						<duration>86118</duration>
						<rate>
							<timebase>25</timebase>
							<ntsc>FALSE</ntsc>
						</rate>
						<start>26817</start>
						<end>112935</end>
						<in>0</in>
						<out>86118</out>
						<pproTicksIn>0</pproTicksIn>
						<pproTicksOut>875013995520000</pproTicksOut>
						<file id="file-31"/>
						<sourcetrack>
							<mediatype>audio</mediatype>
							<trackindex>1</trackindex>
						</sourcetrack>
						<link>
							<linkclipref>clipitem-87</linkclipref>
							<mediatype>video</mediatype>
							<trackindex>1</trackindex>
							<clipindex>3</clipindex>
						</link>
						<link>
							<linkclipref>clipitem-95</linkclipref>
							<mediatype>audio</mediatype>
							<trackindex>1</trackindex>
							<clipindex>3</clipindex>
							<groupindex>1</groupindex>
						</link>
						<link>
							<linkclipref>clipitem-103</linkclipref>
							<mediatype>audio</mediatype>
							<trackindex>2</trackindex>
							<clipindex>3</clipindex>
							<groupindex>1</groupindex>
						</link>
						<logginginfo>
							<description></description>
							<scene></scene>
							<shottake></shottake>
							<lognote></lognote>
							<good></good>
							<originalvideofilename></originalvideofilename>
							<originalaudiofilename></originalaudiofilename>
						</logginginfo>
						<colorinfo>
							<lut></lut>
							<lut1></lut1>
							<asc_sop></asc_sop>
							<asc_sat></asc_sat>
							<lut2></lut2>
						</colorinfo>
					</clipitem>
					<clipitem id="clipitem-96" premiereChannelType="stereo">
						<masterclipid>masterclip-32</masterclipid>
						<name>Travis_Kelce_ANNOUNCE_WEDDING_DATE_with_Taylor_Swift_Why_He_was_Delaying_all_Along.mp4</name>
						<enabled>TRUE</enabled>
						<duration>41278</duration>
						<rate>
							<timebase>25</timebase>
							<ntsc>FALSE</ntsc>
						</rate>
						<start>112935</start>
						<end>154213</end>
						<in>0</in>
						<out>41278</out>
						<pproTicksIn>0</pproTicksIn>
						<pproTicksOut>419410897920000</pproTicksOut>
						<file id="file-32"/>
						<sourcetrack>
							<mediatype>audio</mediatype>
							<trackindex>1</trackindex>
						</sourcetrack>
						<link>
							<linkclipref>clipitem-88</linkclipref>
							<mediatype>video</mediatype>
							<trackindex>1</trackindex>
							<clipindex>4</clipindex>
						</link>
						<link>
							<linkclipref>clipitem-96</linkclipref>
							<mediatype>audio</mediatype>
							<trackindex>1</trackindex>
							<clipindex>4</clipindex>
							<groupindex>1</groupindex>
						</link>
						<link>
							<linkclipref>clipitem-104</linkclipref>
							<mediatype>audio</mediatype>
							<trackindex>2</trackindex>
							<clipindex>4</clipindex>
							<groupindex>1</groupindex>
						</link>
						<logginginfo>
							<description></description>
							<scene></scene>
							<shottake></shottake>
							<lognote></lognote>
							<good></good>
							<originalvideofilename></originalvideofilename>
							<originalaudiofilename></originalaudiofilename>
						</logginginfo>
						<colorinfo>
							<lut></lut>
							<lut1></lut1>
							<asc_sop></asc_sop>
							<asc_sat></asc_sat>
							<lut2></lut2>
						</colorinfo>
					</clipitem>
					<clipitem id="clipitem-97" premiereChannelType="stereo">
						<masterclipid>masterclip-33</masterclipid>
						<name>Travis_Kelce_s_appearance_on_The_Eras_Tour_during_I_Can_Do_It_With_A_Broken_Heart_in_London.mp4</name>
						<enabled>TRUE</enabled>
						<duration>2709</duration>
						<rate>
							<timebase>25</timebase>
							<ntsc>FALSE</ntsc>
						</rate>
						<start>154213</start>
						<end>156922</end>
						<in>0</in>
						<out>2709</out>
						<pproTicksIn>0</pproTicksIn>
						<pproTicksOut>27525173760000</pproTicksOut>
						<file id="file-33"/>
						<sourcetrack>
							<mediatype>audio</mediatype>
							<trackindex>1</trackindex>
						</sourcetrack>
						<link>
							<linkclipref>clipitem-89</linkclipref>
							<mediatype>video</mediatype>
							<trackindex>1</trackindex>
							<clipindex>5</clipindex>
						</link>
						<link>
							<linkclipref>clipitem-97</linkclipref>
							<mediatype>audio</mediatype>
							<trackindex>1</trackindex>
							<clipindex>5</clipindex>
							<groupindex>1</groupindex>
						</link>
						<link>
							<linkclipref>clipitem-105</linkclipref>
							<mediatype>audio</mediatype>
							<trackindex>2</trackindex>
							<clipindex>5</clipindex>
							<groupindex>1</groupindex>
						</link>
						<logginginfo>
							<description></description>
							<scene></scene>
							<shottake></shottake>
							<lognote></lognote>
							<good></good>
							<originalvideofilename></originalvideofilename>
							<originalaudiofilename></originalaudiofilename>
						</logginginfo>
						<colorinfo>
							<lut></lut>
							<lut1></lut1>
							<asc_sop></asc_sop>
							<asc_sat></asc_sat>
							<lut2></lut2>
						</colorinfo>
					</clipitem>
					<clipitem id="clipitem-98" premiereChannelType="stereo">
						<masterclipid>masterclip-34</masterclipid>
						<name>Travis_Kelce_talks_about_postponing_his_wedding_to_Fiance_Taylor_Swift_on_the_New_Heights_Podcast.mp4</name>
						<enabled>TRUE</enabled>
						<duration>14703</duration>
						<rate>
							<timebase>25</timebase>
							<ntsc>FALSE</ntsc>
						</rate>
						<start>156922</start>
						<end>171625</end>
						<in>0</in>
						<out>14703</out>
						<pproTicksIn>0</pproTicksIn>
						<pproTicksOut>149391889920000</pproTicksOut>
						<file id="file-34"/>
						<sourcetrack>
							<mediatype>audio</mediatype>
							<trackindex>1</trackindex>
						</sourcetrack>
						<link>
							<linkclipref>clipitem-90</linkclipref>
							<mediatype>video</mediatype>
							<trackindex>1</trackindex>
							<clipindex>6</clipindex>
						</link>
						<link>
							<linkclipref>clipitem-98</linkclipref>
							<mediatype>audio</mediatype>
							<trackindex>1</trackindex>
							<clipindex>6</clipindex>
							<groupindex>1</groupindex>
						</link>
						<link>
							<linkclipref>clipitem-106</linkclipref>
							<mediatype>audio</mediatype>
							<trackindex>2</trackindex>
							<clipindex>6</clipindex>
							<groupindex>1</groupindex>
						</link>
						<logginginfo>
							<description></description>
							<scene></scene>
							<shottake></shottake>
							<lognote></lognote>
							<good></good>
							<originalvideofilename></originalvideofilename>
							<originalaudiofilename></originalaudiofilename>
						</logginginfo>
						<colorinfo>
							<lut></lut>
							<lut1></lut1>
							<asc_sop></asc_sop>
							<asc_sat></asc_sat>
							<lut2></lut2>
						</colorinfo>
					</clipitem>
					<clipitem id="clipitem-99" premiereChannelType="stereo">
						<masterclipid>masterclip-35</masterclipid>
						<name>What_Caused_Taylor_Swift-Blake_Lively_Rift_The_View.mp4</name>
						<enabled>TRUE</enabled>
						<duration>4501</duration>
						<rate>
							<timebase>25</timebase>
							<ntsc>FALSE</ntsc>
						</rate>
						<start>171625</start>
						<end>176126</end>
						<in>0</in>
						<out>4501</out>
						<pproTicksIn>0</pproTicksIn>
						<pproTicksOut>45733040640000</pproTicksOut>
						<file id="file-35"/>
						<sourcetrack>
							<mediatype>audio</mediatype>
							<trackindex>1</trackindex>
						</sourcetrack>
						<link>
							<linkclipref>clipitem-91</linkclipref>
							<mediatype>video</mediatype>
							<trackindex>1</trackindex>
							<clipindex>7</clipindex>
						</link>
						<link>
							<linkclipref>clipitem-99</linkclipref>
							<mediatype>audio</mediatype>
							<trackindex>1</trackindex>
							<clipindex>7</clipindex>
							<groupindex>1</groupindex>
						</link>
						<link>
							<linkclipref>clipitem-107</linkclipref>
							<mediatype>audio</mediatype>
							<trackindex>2</trackindex>
							<clipindex>7</clipindex>
							<groupindex>1</groupindex>
						</link>
						<logginginfo>
							<description></description>
							<scene></scene>
							<shottake></shottake>
							<lognote></lognote>
							<good></good>
							<originalvideofilename></originalvideofilename>
							<originalaudiofilename></originalaudiofilename>
						</logginginfo>
						<colorinfo>
							<lut></lut>
							<lut1></lut1>
							<asc_sop></asc_sop>
							<asc_sat></asc_sat>
							<lut2></lut2>
						</colorinfo>
					</clipitem>
					<clipitem id="clipitem-100" premiereChannelType="stereo">
						<masterclipid>masterclip-36</masterclipid>
						<name>Why_Travis_Kelce_Jokes_Taylor_Swift_Is_Going_to_KILL_Him.mp4</name>
						<enabled>TRUE</enabled>
						<duration>2485</duration>
						<rate>
							<timebase>25</timebase>
							<ntsc>FALSE</ntsc>
						</rate>
						<start>176126</start>
						<end>178611</end>
						<in>0</in>
						<out>2485</out>
						<pproTicksIn>0</pproTicksIn>
						<pproTicksOut>25249190400000</pproTicksOut>
						<file id="file-36"/>
						<sourcetrack>
							<mediatype>audio</mediatype>
							<trackindex>1</trackindex>
						</sourcetrack>
						<link>
							<linkclipref>clipitem-92</linkclipref>
							<mediatype>video</mediatype>
							<trackindex>1</trackindex>
							<clipindex>8</clipindex>
						</link>
						<link>
							<linkclipref>clipitem-100</linkclipref>
							<mediatype>audio</mediatype>
							<trackindex>1</trackindex>
							<clipindex>8</clipindex>
							<groupindex>1</groupindex>
						</link>
						<link>
							<linkclipref>clipitem-108</linkclipref>
							<mediatype>audio</mediatype>
							<trackindex>2</trackindex>
							<clipindex>8</clipindex>
							<groupindex>1</groupindex>
						</link>
						<logginginfo>
							<description></description>
							<scene></scene>
							<shottake></shottake>
							<lognote></lognote>
							<good></good>
							<originalvideofilename></originalvideofilename>
							<originalaudiofilename></originalaudiofilename>
						</logginginfo>
						<colorinfo>
							<lut></lut>
							<lut1></lut1>
							<asc_sop></asc_sop>
							<asc_sat></asc_sat>
							<lut2></lut2>
						</colorinfo>
					</clipitem>
					<enabled>TRUE</enabled>
					<locked>FALSE</locked>
					<outputchannelindex>1</outputchannelindex>
				</track>
				<track TL.SQTrackAudioKeyframeStyle="0" TL.SQTrackShy="0" TL.SQTrackExpandedHeight="25" TL.SQTrackExpanded="0" MZ.TrackTargeted="1" PannerCurrentValue="0.5" PannerIsInverted="true" PannerStartKeyframe="-91445760000000000,0.5,0,0,0,0,0,0" PannerName="Balance" currentExplodedTrackIndex="1" totalExplodedTrackCount="2" premiereTrackType="Stereo">
					<clipitem id="clipitem-101" premiereChannelType="stereo">
						<masterclipid>masterclip-29</masterclipid>
						<name>Taylor_Swift_Reveals_What_Fiance_Travis_Kelce_Said_Before_Proposal_E_News.mp4</name>
						<enabled>TRUE</enabled>
						<duration>3547</duration>
						<rate>
							<timebase>25</timebase>
							<ntsc>FALSE</ntsc>
						</rate>
						<start>0</start>
						<end>3547</end>
						<in>0</in>
						<out>3547</out>
						<pproTicksIn>0</pproTicksIn>
						<pproTicksOut>36039790080000</pproTicksOut>
						<file id="file-29"/>
						<sourcetrack>
							<mediatype>audio</mediatype>
							<trackindex>2</trackindex>
						</sourcetrack>
						<link>
							<linkclipref>clipitem-85</linkclipref>
							<mediatype>video</mediatype>
							<trackindex>1</trackindex>
							<clipindex>1</clipindex>
						</link>
						<link>
							<linkclipref>clipitem-93</linkclipref>
							<mediatype>audio</mediatype>
							<trackindex>1</trackindex>
							<clipindex>1</clipindex>
							<groupindex>1</groupindex>
						</link>
						<link>
							<linkclipref>clipitem-101</linkclipref>
							<mediatype>audio</mediatype>
							<trackindex>2</trackindex>
							<clipindex>1</clipindex>
							<groupindex>1</groupindex>
						</link>
						<logginginfo>
							<description></description>
							<scene></scene>
							<shottake></shottake>
							<lognote></lognote>
							<good></good>
							<originalvideofilename></originalvideofilename>
							<originalaudiofilename></originalaudiofilename>
						</logginginfo>
						<colorinfo>
							<lut></lut>
							<lut1></lut1>
							<asc_sop></asc_sop>
							<asc_sat></asc_sat>
							<lut2></lut2>
						</colorinfo>
					</clipitem>
					<clipitem id="clipitem-102" premiereChannelType="stereo">
						<masterclipid>masterclip-30</masterclipid>
						<name>Taylor_Swift_Shares_The_Story_Of_Calling_Travis_Kelce_For_The_First_Time.mp4</name>
						<enabled>TRUE</enabled>
						<duration>23270</duration>
						<rate>
							<timebase>25</timebase>
							<ntsc>FALSE</ntsc>
						</rate>
						<start>3547</start>
						<end>26817</end>
						<in>0</in>
						<out>23270</out>
						<pproTicksIn>0</pproTicksIn>
						<pproTicksOut>236438092800000</pproTicksOut>
						<file id="file-30"/>
						<sourcetrack>
							<mediatype>audio</mediatype>
							<trackindex>2</trackindex>
						</sourcetrack>
						<link>
							<linkclipref>clipitem-86</linkclipref>
							<mediatype>video</mediatype>
							<trackindex>1</trackindex>
							<clipindex>2</clipindex>
						</link>
						<link>
							<linkclipref>clipitem-94</linkclipref>
							<mediatype>audio</mediatype>
							<trackindex>1</trackindex>
							<clipindex>2</clipindex>
							<groupindex>1</groupindex>
						</link>
						<link>
							<linkclipref>clipitem-102</linkclipref>
							<mediatype>audio</mediatype>
							<trackindex>2</trackindex>
							<clipindex>2</clipindex>
							<groupindex>1</groupindex>
						</link>
						<logginginfo>
							<description></description>
							<scene></scene>
							<shottake></shottake>
							<lognote></lognote>
							<good></good>
							<originalvideofilename></originalvideofilename>
							<originalaudiofilename></originalaudiofilename>
						</logginginfo>
						<colorinfo>
							<lut></lut>
							<lut1></lut1>
							<asc_sop></asc_sop>
							<asc_sat></asc_sat>
							<lut2></lut2>
						</colorinfo>
					</clipitem>
					<clipitem id="clipitem-103" premiereChannelType="stereo">
						<masterclipid>masterclip-31</masterclipid>
						<name>Taylor_Swift_Travis_Kelce_-_The_New_Power_Couple.mp4</name>
						<enabled>TRUE</enabled>
						<duration>86118</duration>
						<rate>
							<timebase>25</timebase>
							<ntsc>FALSE</ntsc>
						</rate>
						<start>26817</start>
						<end>112935</end>
						<in>0</in>
						<out>86118</out>
						<pproTicksIn>0</pproTicksIn>
						<pproTicksOut>875013995520000</pproTicksOut>
						<file id="file-31"/>
						<sourcetrack>
							<mediatype>audio</mediatype>
							<trackindex>2</trackindex>
						</sourcetrack>
						<link>
							<linkclipref>clipitem-87</linkclipref>
							<mediatype>video</mediatype>
							<trackindex>1</trackindex>
							<clipindex>3</clipindex>
						</link>
						<link>
							<linkclipref>clipitem-95</linkclipref>
							<mediatype>audio</mediatype>
							<trackindex>1</trackindex>
							<clipindex>3</clipindex>
							<groupindex>1</groupindex>
						</link>
						<link>
							<linkclipref>clipitem-103</linkclipref>
							<mediatype>audio</mediatype>
							<trackindex>2</trackindex>
							<clipindex>3</clipindex>
							<groupindex>1</groupindex>
						</link>
						<logginginfo>
							<description></description>
							<scene></scene>
							<shottake></shottake>
							<lognote></lognote>
							<good></good>
							<originalvideofilename></originalvideofilename>
							<originalaudiofilename></originalaudiofilename>
						</logginginfo>
						<colorinfo>
							<lut></lut>
							<lut1></lut1>
							<asc_sop></asc_sop>
							<asc_sat></asc_sat>
							<lut2></lut2>
						</colorinfo>
					</clipitem>
					<clipitem id="clipitem-104" premiereChannelType="stereo">
						<masterclipid>masterclip-32</masterclipid>
						<name>Travis_Kelce_ANNOUNCE_WEDDING_DATE_with_Taylor_Swift_Why_He_was_Delaying_all_Along.mp4</name>
						<enabled>TRUE</enabled>
						<duration>41278</duration>
						<rate>
							<timebase>25</timebase>
							<ntsc>FALSE</ntsc>
						</rate>
						<start>112935</start>
						<end>154213</end>
						<in>0</in>
						<out>41278</out>
						<pproTicksIn>0</pproTicksIn>
						<pproTicksOut>419410897920000</pproTicksOut>
						<file id="file-32"/>
						<sourcetrack>
							<mediatype>audio</mediatype>
							<trackindex>2</trackindex>
						</sourcetrack>
						<link>
							<linkclipref>clipitem-88</linkclipref>
							<mediatype>video</mediatype>
							<trackindex>1</trackindex>
							<clipindex>4</clipindex>
						</link>
						<link>
							<linkclipref>clipitem-96</linkclipref>
							<mediatype>audio</mediatype>
							<trackindex>1</trackindex>
							<clipindex>4</clipindex>
							<groupindex>1</groupindex>
						</link>
						<link>
							<linkclipref>clipitem-104</linkclipref>
							<mediatype>audio</mediatype>
							<trackindex>2</trackindex>
							<clipindex>4</clipindex>
							<groupindex>1</groupindex>
						</link>
						<logginginfo>
							<description></description>
							<scene></scene>
							<shottake></shottake>
							<lognote></lognote>
							<good></good>
							<originalvideofilename></originalvideofilename>
							<originalaudiofilename></originalaudiofilename>
						</logginginfo>
						<colorinfo>
							<lut></lut>
							<lut1></lut1>
							<asc_sop></asc_sop>
							<asc_sat></asc_sat>
							<lut2></lut2>
						</colorinfo>
					</clipitem>
					<clipitem id="clipitem-105" premiereChannelType="stereo">
						<masterclipid>masterclip-33</masterclipid>
						<name>Travis_Kelce_s_appearance_on_The_Eras_Tour_during_I_Can_Do_It_With_A_Broken_Heart_in_London.mp4</name>
						<enabled>TRUE</enabled>
						<duration>2709</duration>
						<rate>
							<timebase>25</timebase>
							<ntsc>FALSE</ntsc>
						</rate>
						<start>154213</start>
						<end>156922</end>
						<in>0</in>
						<out>2709</out>
						<pproTicksIn>0</pproTicksIn>
						<pproTicksOut>27525173760000</pproTicksOut>
						<file id="file-33"/>
						<sourcetrack>
							<mediatype>audio</mediatype>
							<trackindex>2</trackindex>
						</sourcetrack>
						<link>
							<linkclipref>clipitem-89</linkclipref>
							<mediatype>video</mediatype>
							<trackindex>1</trackindex>
							<clipindex>5</clipindex>
						</link>
						<link>
							<linkclipref>clipitem-97</linkclipref>
							<mediatype>audio</mediatype>
							<trackindex>1</trackindex>
							<clipindex>5</clipindex>
							<groupindex>1</groupindex>
						</link>
						<link>
							<linkclipref>clipitem-105</linkclipref>
							<mediatype>audio</mediatype>
							<trackindex>2</trackindex>
							<clipindex>5</clipindex>
							<groupindex>1</groupindex>
						</link>
						<logginginfo>
							<description></description>
							<scene></scene>
							<shottake></shottake>
							<lognote></lognote>
							<good></good>
							<originalvideofilename></originalvideofilename>
							<originalaudiofilename></originalaudiofilename>
						</logginginfo>
						<colorinfo>
							<lut></lut>
							<lut1></lut1>
							<asc_sop></asc_sop>
							<asc_sat></asc_sat>
							<lut2></lut2>
						</colorinfo>
					</clipitem>
					<clipitem id="clipitem-106" premiereChannelType="stereo">
						<masterclipid>masterclip-34</masterclipid>
						<name>Travis_Kelce_talks_about_postponing_his_wedding_to_Fiance_Taylor_Swift_on_the_New_Heights_Podcast.mp4</name>
						<enabled>TRUE</enabled>
						<duration>14703</duration>
						<rate>
							<timebase>25</timebase>
							<ntsc>FALSE</ntsc>
						</rate>
						<start>156922</start>
						<end>171625</end>
						<in>0</in>
						<out>14703</out>
						<pproTicksIn>0</pproTicksIn>
						<pproTicksOut>149391889920000</pproTicksOut>
						<file id="file-34"/>
						<sourcetrack>
							<mediatype>audio</mediatype>
							<trackindex>2</trackindex>
						</sourcetrack>
						<link>
							<linkclipref>clipitem-90</linkclipref>
							<mediatype>video</mediatype>
							<trackindex>1</trackindex>
							<clipindex>6</clipindex>
						</link>
						<link>
							<linkclipref>clipitem-98</linkclipref>
							<mediatype>audio</mediatype>
							<trackindex>1</trackindex>
							<clipindex>6</clipindex>
							<groupindex>1</groupindex>
						</link>
						<link>
							<linkclipref>clipitem-106</linkclipref>
							<mediatype>audio</mediatype>
							<trackindex>2</trackindex>
							<clipindex>6</clipindex>
							<groupindex>1</groupindex>
						</link>
						<logginginfo>
							<description></description>
							<scene></scene>
							<shottake></shottake>
							<lognote></lognote>
							<good></good>
							<originalvideofilename></originalvideofilename>
							<originalaudiofilename></originalaudiofilename>
						</logginginfo>
						<colorinfo>
							<lut></lut>
							<lut1></lut1>
							<asc_sop></asc_sop>
							<asc_sat></asc_sat>
							<lut2></lut2>
						</colorinfo>
					</clipitem>
					<clipitem id="clipitem-107" premiereChannelType="stereo">
						<masterclipid>masterclip-35</masterclipid>
						<name>What_Caused_Taylor_Swift-Blake_Lively_Rift_The_View.mp4</name>
						<enabled>TRUE</enabled>
						<duration>4501</duration>
						<rate>
							<timebase>25</timebase>
							<ntsc>FALSE</ntsc>
						</rate>
						<start>171625</start>
						<end>176126</end>
						<in>0</in>
						<out>4501</out>
						<pproTicksIn>0</pproTicksIn>
						<pproTicksOut>45733040640000</pproTicksOut>
						<file id="file-35"/>
						<sourcetrack>
							<mediatype>audio</mediatype>
							<trackindex>2</trackindex>
						</sourcetrack>
						<link>
							<linkclipref>clipitem-91</linkclipref>
							<mediatype>video</mediatype>
							<trackindex>1</trackindex>
							<clipindex>7</clipindex>
						</link>
						<link>
							<linkclipref>clipitem-99</linkclipref>
							<mediatype>audio</mediatype>
							<trackindex>1</trackindex>
							<clipindex>7</clipindex>
							<groupindex>1</groupindex>
						</link>
						<link>
							<linkclipref>clipitem-107</linkclipref>
							<mediatype>audio</mediatype>
							<trackindex>2</trackindex>
							<clipindex>7</clipindex>
							<groupindex>1</groupindex>
						</link>
						<logginginfo>
							<description></description>
							<scene></scene>
							<shottake></shottake>
							<lognote></lognote>
							<good></good>
							<originalvideofilename></originalvideofilename>
							<originalaudiofilename></originalaudiofilename>
						</logginginfo>
						<colorinfo>
							<lut></lut>
							<lut1></lut1>
							<asc_sop></asc_sop>
							<asc_sat></asc_sat>
							<lut2></lut2>
						</colorinfo>
					</clipitem>
					<clipitem id="clipitem-108" premiereChannelType="stereo">
						<masterclipid>masterclip-36</masterclipid>
						<name>Why_Travis_Kelce_Jokes_Taylor_Swift_Is_Going_to_KILL_Him.mp4</name>
						<enabled>TRUE</enabled>
						<duration>2485</duration>
						<rate>
							<timebase>25</timebase>
							<ntsc>FALSE</ntsc>
						</rate>
						<start>176126</start>
						<end>178611</end>
						<in>0</in>
						<out>2485</out>
						<pproTicksIn>0</pproTicksIn>
						<pproTicksOut>25249190400000</pproTicksOut>
						<file id="file-36"/>
						<sourcetrack>
							<mediatype>audio</mediatype>
							<trackindex>2</trackindex>
						</sourcetrack>
						<link>
							<linkclipref>clipitem-92</linkclipref>
							<mediatype>video</mediatype>
							<trackindex>1</trackindex>
							<clipindex>8</clipindex>
						</link>
						<link>
							<linkclipref>clipitem-100</linkclipref>
							<mediatype>audio</mediatype>
							<trackindex>1</trackindex>
							<clipindex>8</clipindex>
							<groupindex>1</groupindex>
						</link>
						<link>
							<linkclipref>clipitem-108</linkclipref>
							<mediatype>audio</mediatype>
							<trackindex>2</trackindex>
							<clipindex>8</clipindex>
							<groupindex>1</groupindex>
						</link>
						<logginginfo>
							<description></description>
							<scene></scene>
							<shottake></shottake>
							<lognote></lognote>
							<good></good>
							<originalvideofilename></originalvideofilename>
							<originalaudiofilename></originalaudiofilename>
						</logginginfo>
						<colorinfo>
							<lut></lut>
							<lut1></lut1>
							<asc_sop></asc_sop>
							<asc_sat></asc_sat>
							<lut2></lut2>
						</colorinfo>
					</clipitem>
					<enabled>TRUE</enabled>
					<locked>FALSE</locked>
					<outputchannelindex>2</outputchannelindex>
				</track>
				<track TL.SQTrackAudioKeyframeStyle="0" TL.SQTrackShy="0" TL.SQTrackExpandedHeight="25" TL.SQTrackExpanded="0" MZ.TrackTargeted="1" PannerCurrentValue="0.5" PannerIsInverted="true" PannerStartKeyframe="-91445760000000000,0.5,0,0,0,0,0,0" PannerName="Balance" currentExplodedTrackIndex="0" totalExplodedTrackCount="2" premiereTrackType="Stereo">
					<enabled>TRUE</enabled>
					<locked>FALSE</locked>
					<outputchannelindex>1</outputchannelindex>
				</track>
				<track TL.SQTrackAudioKeyframeStyle="0" TL.SQTrackShy="0" TL.SQTrackExpandedHeight="25" TL.SQTrackExpanded="0" MZ.TrackTargeted="1" PannerCurrentValue="0.5" PannerIsInverted="true" PannerStartKeyframe="-91445760000000000,0.5,0,0,0,0,0,0" PannerName="Balance" currentExplodedTrackIndex="1" totalExplodedTrackCount="2" premiereTrackType="Stereo">
					<enabled>TRUE</enabled>
					<locked>FALSE</locked>
					<outputchannelindex>2</outputchannelindex>
				</track>
				<track TL.SQTrackAudioKeyframeStyle="0" TL.SQTrackShy="0" TL.SQTrackExpandedHeight="25" TL.SQTrackExpanded="0" MZ.TrackTargeted="1" PannerCurrentValue="0.5" PannerIsInverted="true" PannerStartKeyframe="-91445760000000000,0.5,0,0,0,0,0,0" PannerName="Balance" currentExplodedTrackIndex="0" totalExplodedTrackCount="2" premiereTrackType="Stereo">
					<enabled>TRUE</enabled>
					<locked>FALSE</locked>
					<outputchannelindex>1</outputchannelindex>
				</track>
				<track TL.SQTrackAudioKeyframeStyle="0" TL.SQTrackShy="0" TL.SQTrackExpandedHeight="25" TL.SQTrackExpanded="0" MZ.TrackTargeted="1" PannerCurrentValue="0.5" PannerIsInverted="true" PannerStartKeyframe="-91445760000000000,0.5,0,0,0,0,0,0" PannerName="Balance" currentExplodedTrackIndex="1" totalExplodedTrackCount="2" premiereTrackType="Stereo">
					<enabled>TRUE</enabled>
					<locked>FALSE</locked>
					<outputchannelindex>2</outputchannelindex>
				</track>
			</audio>
		</media>
		<timecode>
			<rate>
				<timebase>25</timebase>
				<ntsc>FALSE</ntsc>
			</rate>
			<string>00:00:00:00</string>
			<frame>0</frame>
			<displayformat>NDF</displayformat>
		</timecode>
		<labels>
			<label2>Forest</label2>
		</labels>
		<logginginfo>
			<description></description>
			<scene></scene>
			<shottake></shottake>
			<lognote></lognote>
			<good></good>
			<originalvideofilename></originalvideofilename>
			<originalaudiofilename></originalaudiofilename>
		</logginginfo>
	</sequence>
</xmeml>
